market,description,name,betmgm_point,betmgm_price,betmgm_decimal_odds,betmgm_implied_prob,betmgm_dejuice,betmgm_dejuice_EV,betmgm_name,betonlineag_point,betonlineag_price,betonlineag_decimal_odds,betonlineag_implied_prob,betonlineag_dejuice,betonlineag_dejuice_EV,betonlineag_name,betrivers_point,betrivers_price,betrivers_decimal_odds,betrivers_implied_prob,betrivers_dejuice,betrivers_dejuice_EV,betrivers_name,bovada_point,bovada_price,bovada_decimal_odds,bovada_implied_prob,bovada_dejuice,bovada_dejuice_EV,bovada_name,draftkings_point,draftkings_price,draftkings_decimal_odds,draftkings_implied_prob,draftkings_dejuice,draftkings_dejuice_EV,draftkings_name,fanduel_point,fanduel_price,fanduel_decimal_odds,fanduel_implied_prob,fanduel_dejuice,fanduel_dejuice_EV,fanduel_name,williamhill_us_point,williamhill_us_price,williamhill_us_decimal_odds,williamhill_us_implied_prob,williamhill_us_dejuice,williamhill_us_dejuice_EV,williamhill_us_name
player_assists,Al Horford,Over,1.5,-185.0,1.5405405405405406,0.6491228070175439,0.6040291767974991,-0.37083117563982887,Over,2.5,136.0,2.3600000000000003,0.42372881355932196,0.3977531934306569,-1.1817568729572787,Over,2.5,135.0,2.35,0.425531914893617,0.3973509933774835,-1.1767619841235033,Over,,,,,,,,2.5,145.0,2.45,0.4081632653061224,0.38471814052898745,-1.2707304628270752,Over,2.5,140.0,2.4,0.4166666666666667,0.39325842696629215,-1.2175735386946092,Over,1.5,-179.0,1.558659217877095,0.6415770609318996,0.5950124109099882,-0.3902649970878965,Over
player_assists,Al Horford,Under,1.5,135.0,2.35,0.425531914893617,0.3959708232025009,-1.1802906350992883,Under,2.5,-179.0,1.558659217877095,0.6415770609318996,0.602246806569343,-0.38041609083437333,Under,2.5,-182.0,1.5494505494505495,0.6453900709219857,0.6026490066225165,-0.3762125335740529,Under,,,,,,,,2.5,-188.0,1.5319148936170213,0.6527777777777778,0.6152818594710127,-0.35264535644409617,Under,2.5,-180.0,1.5555555555555556,0.6428571428571428,0.6067415730337078,-0.37312909425016494,Under,1.5,129.0,2.29,0.4366812227074236,0.4049875890900118,-1.1216057792108012,Under
player_assists,Darius Garland,Over,6.5,-140.0,1.7142857142857144,0.5833333333333333,0.5445920303605313,-0.5326878256964782,Over,6.5,-133.0,1.7518796992481203,0.5708154506437768,0.5367701147140101,-0.5628750734536425,Over,6.5,-115.0,1.8695652173913042,0.5348837209302326,0.5,-0.6847826086956521,Over,6.5,-135.0,1.7407407407407407,0.574468085106383,0.5407914020517831,-0.5510270534282462,Over,6.5,-130.0,1.7692307692307692,0.5652173913043479,0.5306122448979592,-0.58139236856438,Over,6.5,-125.0,1.8,0.5555555555555556,0.5238589211618258,-0.6076231900277198,Over,6.5,-142.0,1.704225352112676,0.5867768595041323,0.5448390009027987,-0.5277074499563464,Over
player_assists,Darius Garland,Under,6.5,105.0,2.05,0.48780487804878053,0.4554079696394688,-0.8684021114107633,Under,6.5,103.0,2.0300000000000002,0.4926108374384236,0.46322988528598974,-0.8409953742055224,Under,6.5,-115.0,1.8695652173913042,0.5348837209302326,0.5,-0.6847826086956521,Under,6.5,105.0,2.05,0.48780487804878053,0.45920859794821695,-0.8602863126875052,Under,6.5,100.0,2.0,0.5,0.4693877551020408,-0.8121615993336111,Under,6.5,-102.0,1.9803921568627452,0.504950495049505,0.47614107883817425,-0.788015346890465,Under,6.5,104.0,2.04,0.49019607843137253,0.45516099909720126,-0.8634820978436708,Under
player_assists,Derrick White,Over,4.5,-110.0,1.9090909090909092,0.5238095238095238,0.48987854251012153,-0.7239706809278511,Over,4.5,107.0,2.0700000000000003,0.48309178743961345,0.4537429043342889,-0.8828919069274489,Over,4.5,104.0,2.04,0.49019607843137253,0.4588754646840148,-0.8555852794495656,Over,4.5,110.0,2.1,0.47619047619047616,0.4458598726114649,-0.9166254209095707,Over,4.5,105.0,2.05,0.48780487804878053,0.45920859794821695,-0.8602863126875052,Over,4.5,114.0,2.1399999999999997,0.4672897196261683,0.440512857245183,-0.95084120564844,Over,4.5,-104.0,1.9615384615384617,0.5098039215686274,0.47339796642232207,-0.7836578109774517,Over
player_assists,Derrick White,Under,4.5,-120.0,1.8333333333333335,0.5454545454545454,0.5101214574898786,-0.6482131051702754,Under,4.5,-139.0,1.7194244604316546,0.5815899581589958,0.5462570956657111,-0.5323163673591033,Under,4.5,-137.0,1.72992700729927,0.5780590717299579,0.5411245353159851,-0.5455122867488353,Under,4.5,-145.0,1.6896551724137931,0.5918367346938775,0.554140127388535,-0.5062805933233635,Under,4.5,-135.0,1.7407407407407407,0.574468085106383,0.5407914020517831,-0.5510270534282462,Under,4.5,-146.0,1.6849315068493151,0.5934959349593496,0.5594871427548169,-0.49577271249775556,Under,4.5,-131.0,1.7633587786259541,0.5670995670995671,0.526602033577678,-0.5854781280649441,Under
player_assists,Donovan Mitchell,Over,4.5,-110.0,1.9090909090909092,0.5238095238095238,0.48987854251012153,-0.7239706809278511,Over,4.5,-106.0,1.9433962264150944,0.5145631067961165,0.483560743054414,-0.7539163522895902,Over,4.5,100.0,2.0,0.5,0.4677419354838709,-0.8155567117585849,Over,4.5,100.0,2.0,0.5,0.4693877551020408,-0.8121615993336111,Over,4.5,-110.0,1.9090909090909092,0.5238095238095238,0.48987854251012153,-0.7239706809278511,Over,4.5,-102.0,1.9803921568627452,0.504950495049505,0.47614107883817425,-0.788015346890465,Over,4.5,-113.0,1.8849557522123894,0.5305164319248826,0.49211760532849874,-0.7073979734292065,Over
player_assists,Donovan Mitchell,Under,4.5,-120.0,1.8333333333333335,0.5454545454545454,0.5101214574898786,-0.6482131051702754,Under,4.5,-122.0,1.819672131147541,0.5495495495495495,0.516439256945586,-0.630192257022037,Under,4.5,-132.0,1.7575757575757576,0.5689655172413793,0.532258064516129,-0.5731324693343425,Under,4.5,-130.0,1.7692307692307692,0.5652173913043479,0.5306122448979592,-0.58139236856438,Under,4.5,-120.0,1.8333333333333335,0.5454545454545454,0.5101214574898786,-0.6482131051702754,Under,4.5,-125.0,1.8,0.5555555555555556,0.5238589211618258,-0.6076231900277198,Under,4.5,-121.0,1.8264462809917354,0.5475113122171946,0.5078823946715012,-0.6488885022085525,Under
player_assists,Evan Mobley,Over,2.5,-105.0,1.9523809523809523,0.5121951219512195,0.47539370078740156,-0.7748368160426796,Over,2.5,-110.0,1.9090909090909092,0.5238095238095238,0.49179655455291227,-0.7202738741889163,Over,2.5,-107.0,1.9345794392523366,0.5169082125603864,0.481981981981982,-0.7524716557932017,Over,,,,,,,,2.5,105.0,2.05,0.48780487804878053,0.45920859794821695,-0.8602863126875052,Over,,,,,,,,2.5,-101.0,1.99009900990099,0.5024875621890548,0.46658148220955376,-0.8126724614489311,Over
player_assists,Evan Mobley,Under,2.5,-130.0,1.7692307692307692,0.5652173913043479,0.5246062992125985,-0.5916866328924963,Under,2.5,-118.0,1.847457627118644,0.5412844036697247,0.5082034454470877,-0.6586405922166515,Under,2.5,-125.0,1.8,0.5555555555555556,0.5180180180180181,-0.6178922165408651,Under,,,,,,,,2.5,-135.0,1.7407407407407407,0.574468085106383,0.5407914020517831,-0.5510270534282462,Under,,,,,,,,2.5,-135.0,1.7407407407407407,0.574468085106383,0.5334185177904462,-0.5633141922886817,Under
player_assists,Isaac Okoro,Over,1.5,110.0,2.1,0.47619047619047616,0.4424778761061946,-0.9241052549142458,Over,,,,,,,,,,,,,,,,,,,,,,,,,,,,,,,,,,,,1.5,106.0,2.06,0.4854368932038835,0.45061614861136656,-0.8841694986385596,Over
player_assists,Isaac Okoro,Under,1.5,-150.0,1.6666666666666665,0.6000000000000001,0.5575221238938053,-0.4907719215809121,Under,,,,,,,,,,,,,,,,,,,,,,,,,,,,,,,,,,,,1.5,-145.0,1.6896551724137931,0.5918367346938775,0.5493838513886334,-0.5138246710523526,Under
player_assists,Jarrett Allen,Over,1.5,-105.0,1.9523809523809523,0.5121951219512195,0.4796954314720812,-0.7662450045338036,Over,,,,,,,,,,,,,,,,,,,,,,,,,,,,,,,,,,,,1.5,-113.0,1.8849557522123894,0.5305164319248826,0.49211760532849874,-0.7073979734292065,Over
player_assists,Jarrett Allen,Under,1.5,-125.0,1.8,0.5555555555555556,0.5203045685279188,-0.613864052152851,Under,,,,,,,,,,,,,,,,,,,,,,,,,,,,,,,,,,,,1.5,-121.0,1.8264462809917354,0.5475113122171946,0.5078823946715012,-0.6488885022085525,Under
player_assists,Jaylen Brown,Over,3.5,-120.0,1.8333333333333335,0.5454545454545454,0.5101214574898786,-0.6482131051702754,Over,3.5,-118.0,1.847457627118644,0.5412844036697247,0.5082034454470877,-0.6586405922166515,Over,3.5,-130.0,1.7692307692307692,0.5652173913043479,0.5269568690095847,-0.5876491353083039,Over,3.5,-125.0,1.8,0.5555555555555556,0.5203045685279188,-0.613864052152851,Over,3.5,-120.0,1.8333333333333335,0.5454545454545454,0.5101214574898786,-0.6482131051702754,Over,3.5,-113.0,1.8849557522123894,0.5305164319248826,0.5,-0.6924778761061947,Over,3.5,-127.0,1.7874015748031495,0.5594713656387665,0.5186523207413807,-0.6107095090037369,Over
player_assists,Jaylen Brown,Under,3.5,-110.0,1.9090909090909092,0.5238095238095238,0.48987854251012153,-0.7239706809278511,Under,3.5,-110.0,1.9090909090909092,0.5238095238095238,0.49179655455291227,-0.7202738741889163,Under,3.5,-103.0,1.970873786407767,0.5073891625615764,0.4730431309904154,-0.7892921524853016,Under,3.5,-105.0,1.9523809523809523,0.5121951219512195,0.4796954314720812,-0.7662450045338036,Under,3.5,-110.0,1.9090909090909092,0.5238095238095238,0.48987854251012153,-0.7239706809278511,Under,3.5,-113.0,1.8849557522123894,0.5305164319248826,0.5,-0.6924778761061947,Under,3.5,-108.0,1.925925925925926,0.5192307692307692,0.48134767925861927,-0.7492338601265133,Under
player_assists,Jayson Tatum,Over,6.5,110.0,2.1,0.47619047619047616,0.4424778761061946,-0.9241052549142458,Over,5.5,-130.0,1.7692307692307692,0.5652173913043479,0.5306122448979592,-0.58139236856438,Over,6.5,135.0,2.35,0.425531914893617,0.3973509933774835,-1.1767619841235033,Over,6.5,115.0,2.15,0.46511627906976744,0.43668122270742354,-0.9651446387368664,Over,5.5,-130.0,1.7692307692307692,0.5652173913043479,0.5306122448979592,-0.58139236856438,Over,5.5,-113.0,1.8849557522123894,0.5305164319248826,0.5,-0.6924778761061947,Over,6.5,133.0,2.33,0.4291845493562232,0.39847345381075316,-1.1618644922020624,Over
player_assists,Jayson Tatum,Under,6.5,-150.0,1.6666666666666665,0.6000000000000001,0.5575221238938053,-0.4907719215809121,Under,5.5,100.0,2.0,0.5,0.4693877551020408,-0.8121615993336111,Under,6.5,-182.0,1.5494505494505495,0.6453900709219857,0.6026490066225165,-0.3762125335740529,Under,6.5,-150.0,1.6666666666666665,0.6000000000000001,0.5633187772925765,-0.4818113054035327,Under,5.5,100.0,2.0,0.5,0.4693877551020408,-0.8121615993336111,Under,5.5,-113.0,1.8849557522123894,0.5305164319248826,0.5,-0.6924778761061947,Under,6.5,-184.0,1.5434782608695652,0.647887323943662,0.6015265461892468,-0.37534275307162757,Under
player_assists,Jrue Holiday,Over,3.5,-160.0,1.625,0.6153846153846154,0.5751633986928104,-0.44600901362723744,Over,3.5,-164.0,1.6097560975609757,0.6212121212121212,0.5840161351317281,-0.4266912739211544,Over,4.5,123.0,2.23,0.4484304932735426,0.4186744608578877,-1.0529697956036659,Over,3.5,-165.0,1.606060606060606,0.6226415094339623,0.5834970530451867,-0.4259007332795065,Over,3.5,-162.0,1.617283950617284,0.6183206106870228,0.5828822517990193,-0.4314673073463436,Over,3.5,-158.0,1.6329113924050633,0.6124031007751938,0.5783762583344229,-0.4446170489446744,Over,3.5,-166.0,1.6024096385542168,0.6240601503759399,0.5785804816223068,-0.4314615902152852,Over
player_assists,Jrue Holiday,Under,3.5,120.0,2.2,0.45454545454545453,0.4248366013071895,-1.0210090136272376,Under,3.5,126.0,2.26,0.4424778761061947,0.41598386486827177,-1.0769351763601784,Under,4.5,-165.0,1.606060606060606,0.6226415094339623,0.5813255391421124,-0.4290304016642717,Under,3.5,125.0,2.25,0.4444444444444444,0.4165029469548133,-1.0698401272189006,Under,3.5,126.0,2.26,0.4424778761061947,0.4171177482009808,-1.0741833567290593,Under,3.5,124.0,2.24,0.4464285714285714,0.4216237416655772,-1.0517056565396112,Under,3.5,120.0,2.2,0.45454545454545453,0.4214195183776933,-1.0290519516610683,Under
player_blocks,Al Horford,Over,0.5,-135.0,1.7407407407407407,0.574468085106383,0.5346534653465347,-0.5612485340943335,Over,,,,,,,,0.5,-129.0,1.7751937984496124,0.5633187772925764,0.5249341737812177,-0.5939556215810757,Over,0.5,-135.0,1.7407407407407407,0.574468085106383,0.5407914020517831,-0.5510270534282462,Over,0.5,-130.0,1.7692307692307692,0.5652173913043479,0.5306122448979592,-0.58139236856438,Over,,,,,,,,0.5,-127.0,1.7874015748031495,0.5594713656387665,0.5186523207413807,-0.6107095090037369,Over
player_blocks,Al Horford,Under,0.5,100.0,2.0,0.5,0.4653465346534653,-0.8205077933535928,Under,,,,,,,,0.5,-104.0,1.9615384615384617,0.5098039215686274,0.47506582621878246,-0.7803002846699248,Under,0.5,105.0,2.05,0.48780487804878053,0.45920859794821695,-0.8602863126875052,Under,0.5,100.0,2.0,0.5,0.4693877551020408,-0.8121615993336111,Under,,,,,,,,0.5,-108.0,1.925925925925926,0.5192307692307692,0.48134767925861927,-0.7492338601265133,Under
player_blocks,Darius Garland,Over,0.5,425.0,5.25,0.19047619047619047,0.17877094972067037,-4.164640616709841,Over,,,,,,,,,,,,,,,0.5,425.0,5.25,0.19047619047619047,0.17877094972067037,-4.164640616709841,Over,,,,,,,,,,,,,,,0.5,386.0,4.859999999999999,0.20576131687242802,0.19098099015920805,-3.7773251362692317,Over
player_blocks,Darius Garland,Under,0.5,-700.0,1.1428571428571428,0.875,0.8212290502793296,-0.05749775956698338,Under,,,,,,,,,,,,,,,0.5,-700.0,1.1428571428571428,0.875,0.8212290502793296,-0.05749775956698338,Under,,,,,,,,,,,,,,,0.5,-679.0,1.1472754050073637,0.871630295250321,0.809019009840792,-0.0646005412765962,Under
player_blocks,Derrick White,Over,0.5,-250.0,1.4,0.7142857142857143,0.6705882352941177,-0.24027681660899644,Over,,,,,,,,0.5,-245.0,1.4081632653061225,0.7101449275362319,0.6653734238603297,-0.24855722143433417,Over,0.5,-260.0,1.3846153846153846,0.7222222222222222,0.6768402154398564,-0.22872447118778289,Over,0.5,-265.0,1.3773584905660377,0.726027397260274,0.6817091781120558,-0.2214187914067612,Over,,,,,,,,0.5,-244.0,1.4098360655737705,0.7093023255813954,0.6586217846935536,-0.256448190519604,Over
player_blocks,Derrick White,Under,0.5,185.0,2.85,0.3508771929824561,0.32941176470588235,-1.6902768166089965,Under,,,,,,,,0.5,180.0,2.8,0.35714285714285715,0.3346265761396702,-1.6403939561282117,Under,0.5,190.0,2.9,0.3448275862068966,0.32315978456014366,-1.744109086572398,Under,0.5,195.0,2.95,0.3389830508474576,0.31829082188794416,-1.7940603008407239,Under,,,,,,,,0.5,172.0,2.7199999999999998,0.36764705882352944,0.3413782153064465,-1.5666121249458334,Under
player_blocks,Donovan Mitchell,Over,0.5,220.0,3.2,0.3125,0.29411764705882354,-2.0512110726643598,Over,,,,,,,,,,,,,,,0.5,225.0,3.25,0.3076923076923077,0.2892416225749559,-2.104383820286231,Over,,,,,,,,,,,,,,,0.5,208.0,3.08,0.3246753246753247,0.30142055628506625,-1.9410584821081285,Over
player_blocks,Donovan Mitchell,Under,0.5,-300.0,1.3333333333333333,0.75,0.7058823529411765,-0.18454440599769312,Under,,,,,,,,,,,,,,,0.5,-310.0,1.3225806451612903,0.7560975609756098,0.7107583774250441,-0.17696446544752092,Under,,,,,,,,,,,,,,,0.5,-304.0,1.3289473684210527,0.7524752475247525,0.6985794437149337,-0.19000585052918112,Under
player_blocks,Evan Mobley,Over,1.5,155.0,2.55,0.3921568627450981,0.36664695446481377,-1.3828333008682343,Over,,,,,,,,1.5,155.0,2.55,0.3921568627450981,0.36490008688097303,-1.3877567649782871,Over,1.5,155.0,2.55,0.3921568627450981,0.36664695446481377,-1.3828333008682343,Over,1.5,145.0,2.45,0.4081632653061224,0.38471814052898745,-1.2707304628270752,Over,1.5,150.0,2.5,0.4,0.3774069319640565,-1.321511730420324,Over,1.5,146.0,2.46,0.4065040650406504,0.3772461034448526,-1.2970431046451343,Over
player_blocks,Evan Mobley,Under,1.5,-210.0,1.4761904761904763,0.6774193548387096,0.6333530455351862,-0.30902377705871076,Under,,,,,,,,1.5,-215.0,1.4651162790697674,0.6825396825396826,0.6350999131190268,-0.3028730440480549,Under,1.5,-210.0,1.4761904761904763,0.6774193548387096,0.6333530455351862,-0.30902377705871076,Under,1.5,-188.0,1.5319148936170213,0.6527777777777778,0.6152818594710127,-0.35264535644409617,Under,1.5,-194.0,1.5154639175257731,0.6598639455782314,0.6225930680359436,-0.3369756479460973,Under,1.5,-204.0,1.4901960784313726,0.6710526315789473,0.6227538965551475,-0.327239183076507,Under
player_blocks,Isaac Okoro,Over,0.5,200.0,3.0,0.3333333333333333,0.3125,-1.84765625,Over,,,,,,,,,,,,,,,0.5,210.0,3.1,0.3225806451612903,0.30256012412723043,-1.9510461197902405,Over,,,,,,,,,,,,,,,0.5,190.0,2.9,0.3448275862068966,0.32004107479034744,-1.7542660978706055,Over
player_blocks,Isaac Okoro,Under,0.5,-275.0,1.3636363636363638,0.7333333333333333,0.6875,-0.21129261363636367,Under,,,,,,,,,,,,,,,0.5,-290.0,1.3448275862068966,0.7435897435897436,0.6974398758727697,-0.19587370599713685,Under,,,,,,,,,,,,,,,0.5,-274.0,1.364963503649635,0.732620320855615,0.6799589252096526,-0.2192296015202408,Under
player_blocks,Jarrett Allen,Over,0.5,-160.0,1.625,0.6153846153846154,0.5751633986928104,-0.44600901362723744,Over,,,,,,,,0.5,-155.0,1.6451612903225805,0.607843137254902,0.5676500508647,-0.4658619295723287,Over,0.5,-165.0,1.606060606060606,0.6226415094339623,0.5834970530451867,-0.4259007332795065,Over,0.5,-162.0,1.617283950617284,0.6183206106870228,0.5828822517990193,-0.4314673073463436,Over,,,,,,,,0.5,-163.0,1.6134969325153374,0.6197718631178707,0.5746676585697189,-0.4418476874336088,Over
player_blocks,Jarrett Allen,Under,0.5,120.0,2.2,0.45454545454545453,0.4248366013071895,-1.0210090136272376,Under,,,,,,,,0.5,116.0,2.16,0.4629629629629629,0.4323499491353001,-0.9807006392497484,Under,0.5,125.0,2.25,0.4444444444444444,0.4165029469548133,-1.0698401272189006,Under,0.5,126.0,2.26,0.4424778761061947,0.4171177482009808,-1.0741833567290593,Under,,,,,,,,0.5,118.0,2.1799999999999997,0.4587155963302753,0.42533234143028115,-1.0083507549182709,Under
player_blocks,Jaylen Brown,Over,0.5,150.0,2.5,0.4,0.375,-1.328125,Over,,,,,,,,0.5,155.0,2.55,0.3921568627450981,0.36490008688097303,-1.3877567649782871,Over,0.5,155.0,2.55,0.3921568627450981,0.36664695446481377,-1.3828333008682343,Over,0.5,155.0,2.55,0.3921568627450981,0.3688425139529241,-1.3766538755662323,Over,,,,,,,,0.5,152.0,2.52,0.3968253968253968,0.36799174948434277,-1.3600869695036608,Over
player_blocks,Jaylen Brown,Under,0.5,-200.0,1.5,0.6666666666666666,0.625,-0.328125,Under,,,,,,,,0.5,-215.0,1.4651162790697674,0.6825396825396826,0.6350999131190268,-0.3028730440480549,Under,0.5,-210.0,1.4761904761904763,0.6774193548387096,0.6333530455351862,-0.30902377705871076,Under,0.5,-204.0,1.4901960784313726,0.6710526315789473,0.631157486047076,-0.3168499539976051,Under,,,,,,,,0.5,-214.0,1.4672897196261683,0.6815286624203821,0.6320082505156572,-0.30737668912982896,Under
player_blocks,Jayson Tatum,Over,0.5,125.0,2.25,0.4444444444444444,0.4165029469548133,-1.0698401272189006,Over,,,,,,,,0.5,117.0,2.17,0.4608294930875576,0.429988790175509,-0.9918258948202342,Over,0.5,130.0,2.3,0.4347826086956522,0.40847201210287454,-1.118891744731885,Over,0.5,126.0,2.26,0.4424778761061947,0.4171177482009808,-1.0741833567290593,Over,,,,,,,,0.5,120.0,2.2,0.45454545454545453,0.4214195183776933,-1.0290519516610683,Over
player_blocks,Jayson Tatum,Under,0.5,-165.0,1.606060606060606,0.6226415094339623,0.5834970530451867,-0.4259007332795065,Under,,,,,,,,0.5,-157.0,1.6369426751592355,0.6108949416342413,0.5700112098244909,-0.4587685699794699,Under,0.5,-170.0,1.5882352941176472,0.6296296296296295,0.5915279878971256,-0.4071270388495323,Under,0.5,-162.0,1.617283950617284,0.6183206106870228,0.5828822517990193,-0.4314673073463436,Under,,,,,,,,0.5,-166.0,1.6024096385542168,0.6240601503759399,0.5785804816223068,-0.4314615902152852,Under
player_blocks,Jrue Holiday,Over,0.5,150.0,2.5,0.4,0.37125748502994016,-1.3384309225859656,Over,,,,,,,,0.5,155.0,2.55,0.3921568627450981,0.36664695446481377,-1.3828333008682343,Over,0.5,155.0,2.55,0.3921568627450981,0.36664695446481377,-1.3828333008682343,Over,,,,,,,,,,,,,,,0.5,152.0,2.52,0.3968253968253968,0.36799174948434277,-1.3600869695036608,Over
player_blocks,Jrue Holiday,Under,0.5,-210.0,1.4761904761904763,0.6774193548387096,0.6287425149700598,-0.3146213987764421,Under,,,,,,,,0.5,-210.0,1.4761904761904763,0.6774193548387096,0.6333530455351862,-0.30902377705871076,Under,0.5,-210.0,1.4761904761904763,0.6774193548387096,0.6333530455351862,-0.30902377705871076,Under,,,,,,,,,,,,,,,0.5,-214.0,1.4672897196261683,0.6815286624203821,0.6320082505156572,-0.30737668912982896,Under
player_points,Al Horford,Over,8.5,-125.0,1.8,0.5555555555555556,0.5203045685279188,-0.613864052152851,Over,8.5,-130.0,1.7692307692307692,0.5652173913043479,0.5306122448979592,-0.58139236856438,Over,9.5,123.0,2.23,0.4484304932735426,0.41337842916196915,-1.065669399503257,Over,8.5,-125.0,1.8,0.5555555555555556,0.5203045685279188,-0.613864052152851,Over,8.5,-120.0,1.8333333333333335,0.5454545454545454,0.5101214574898786,-0.6482131051702754,Over,8.5,-104.0,1.9615384615384617,0.5098039215686274,0.4812406203101551,-0.7679183898718128,Over,8.5,-123.0,1.8130081300813008,0.5515695067264574,0.511832919181162,-0.6351909043389566,Over
player_points,Al Horford,Under,8.5,-105.0,1.9523809523809523,0.5121951219512195,0.4796954314720812,-0.7662450045338036,Under,8.5,100.0,2.0,0.5,0.4693877551020408,-0.8121615993336111,Under,9.5,-175.0,1.5714285714285714,0.6363636363636364,0.5866215708380308,-0.40709797093182815,Under,8.5,-105.0,1.9523809523809523,0.5121951219512195,0.4796954314720812,-0.7662450045338036,Under,8.5,-110.0,1.9090909090909092,0.5238095238095238,0.48987854251012153,-0.7239706809278511,Under,8.5,-122.0,1.819672131147541,0.5495495495495495,0.5187593796898449,-0.6260520594808924,Under,8.5,-111.0,1.900900900900901,0.5260663507109005,0.488167080818838,-0.7230836751585569,Under
player_points,Darius Garland,Over,19.5,-110.0,1.9090909090909092,0.5238095238095238,0.48987854251012153,-0.7239706809278511,Over,19.5,-109.0,1.9174311926605505,0.5215311004784688,0.48974190636412124,-0.7284900135299842,Over,17.5,-175.0,1.5714285714285714,0.6363636363636364,0.5866215708380308,-0.40709797093182815,Over,19.5,-110.0,1.9090909090909092,0.5238095238095238,0.48987854251012153,-0.7239706809278511,Over,19.5,-105.0,1.9523809523809523,0.5121951219512195,0.4796954314720812,-0.7662450045338036,Over,19.5,-106.0,1.9433962264150944,0.5145631067961165,0.48542880932556204,-0.7502280297762954,Over,19.5,-108.0,1.925925925925926,0.5192307692307692,0.48134767925861927,-0.7492338601265133,Over
player_points,Darius Garland,Under,19.5,-120.0,1.8333333333333335,0.5454545454545454,0.5101214574898786,-0.6482131051702754,Under,19.5,-119.0,1.8403361344537816,0.5433789954337899,0.5102580936358786,-0.6513949553232156,Under,17.5,123.0,2.23,0.4484304932735426,0.41337842916196915,-1.065669399503257,Under,19.5,-120.0,1.8333333333333335,0.5454545454545454,0.5101214574898786,-0.6482131051702754,Under,19.5,-125.0,1.8,0.5555555555555556,0.5203045685279188,-0.613864052152851,Under,19.5,-120.0,1.8333333333333335,0.5454545454545454,0.5145711906744379,-0.6401651366945348,Under,19.5,-127.0,1.7874015748031495,0.5594713656387665,0.5186523207413807,-0.6107095090037369,Under
player_points,Derrick White,Over,16.5,-120.0,1.8333333333333335,0.5454545454545454,0.5101214574898786,-0.6482131051702754,Over,16.5,-120.0,1.8333333333333335,0.5454545454545454,0.5123152709359606,-0.644240335848965,Over,17.5,115.0,2.15,0.46511627906976744,0.43225969220418803,-0.9752304110612671,Over,16.5,-120.0,1.8333333333333335,0.5454545454545454,0.5101214574898786,-0.6482131051702754,Over,16.5,-115.0,1.8695652173913042,0.5348837209302326,0.5,-0.6847826086956521,Over,16.5,-113.0,1.8849557522123894,0.5305164319248826,0.5,-0.6924778761061947,Over,16.5,-119.0,1.8403361344537816,0.5433789954337899,0.5039393342525114,-0.6629338864106556,Over
player_points,Derrick White,Under,16.5,-110.0,1.9090909090909092,0.5238095238095238,0.48987854251012153,-0.7239706809278511,Under,16.5,-108.0,1.925925925925926,0.5192307692307692,0.48768472906403937,-0.7368329284415578,Under,17.5,-157.0,1.6369426751592355,0.6108949416342413,0.567740307795812,-0.46217308622050257,Under,16.5,-110.0,1.9090909090909092,0.5238095238095238,0.48987854251012153,-0.7239706809278511,Under,16.5,-115.0,1.8695652173913042,0.5348837209302326,0.5,-0.6847826086956521,Under,16.5,-113.0,1.8849557522123894,0.5305164319248826,0.5,-0.6924778761061947,Under,16.5,-115.0,1.8695652173913042,0.5348837209302326,0.4960606657474888,-0.6921629693481781,Under
player_points,Donovan Mitchell,Over,26.5,-115.0,1.8695652173913042,0.5348837209302326,0.5,-0.6847826086956521,Over,27.5,-106.0,1.9433962264150944,0.5145631067961165,0.483560743054414,-0.7539163522895902,Over,23.5,-250.0,1.4,0.7142857142857143,0.6526054590570719,-0.25964078345411895,Over,26.5,-120.0,1.8333333333333335,0.5454545454545454,0.5101214574898786,-0.6482131051702754,Over,27.5,100.0,2.0,0.5,0.4693877551020408,-0.8121615993336111,Over,27.5,-104.0,1.9615384615384617,0.5098039215686274,0.4812406203101551,-0.7679183898718128,Over,26.5,-127.0,1.7874015748031495,0.5594713656387665,0.5186523207413807,-0.6107095090037369,Over
player_points,Donovan Mitchell,Under,26.5,-115.0,1.8695652173913042,0.5348837209302326,0.5,-0.6847826086956521,Under,27.5,-122.0,1.819672131147541,0.5495495495495495,0.516439256945586,-0.630192257022037,Under,23.5,163.0,2.63,0.3802281368821293,0.34739454094292804,-1.4896407834541188,Under,26.5,-110.0,1.9090909090909092,0.5238095238095238,0.48987854251012153,-0.7239706809278511,Under,27.5,-130.0,1.7692307692307692,0.5652173913043479,0.5306122448979592,-0.58139236856438,Under,27.5,-122.0,1.819672131147541,0.5495495495495495,0.5187593796898449,-0.6260520594808924,Under,26.5,-108.0,1.925925925925926,0.5192307692307692,0.48134767925861927,-0.7492338601265133,Under
player_points,Evan Mobley,Over,15.5,-120.0,1.8333333333333335,0.5454545454545454,0.5101214574898786,-0.6482131051702754,Over,16.5,100.0,2.0,0.5,0.4693877551020408,-0.8121615993336111,Over,15.5,-136.0,1.7352941176470589,0.576271186440678,0.5379072681704261,-0.5533037603314641,Over,15.5,-120.0,1.8333333333333335,0.5454545454545454,0.5101214574898786,-0.6482131051702754,Over,15.5,-130.0,1.7692307692307692,0.5652173913043479,0.5306122448979592,-0.58139236856438,Over,16.5,-108.0,1.925925925925926,0.5192307692307692,0.48960239560805185,-0.7330960890060287,Over,15.5,-137.0,1.72992700729927,0.5780590717299579,0.5362035225048923,-0.5536447473508171,Over
player_points,Evan Mobley,Under,15.5,-110.0,1.9090909090909092,0.5238095238095238,0.48987854251012153,-0.7239706809278511,Under,16.5,-130.0,1.7692307692307692,0.5652173913043479,0.5306122448979592,-0.58139236856438,Under,15.5,102.0,2.02,0.49504950495049505,0.46209273182957394,-0.8380096426844051,Under,15.5,-110.0,1.9090909090909092,0.5238095238095238,0.48987854251012153,-0.7239706809278511,Under,15.5,100.0,2.0,0.5,0.4693877551020408,-0.8121615993336111,Under,16.5,-118.0,1.847457627118644,0.5412844036697247,0.510397604391948,-0.6546277901987467,Under,15.5,100.0,2.0,0.5,0.4637964774951076,-0.8237177400515472,Under
player_points,Isaac Okoro,Over,6.5,-120.0,1.8333333333333335,0.5454545454545454,0.5101214574898786,-0.6482131051702754,Over,6.5,-115.0,1.8695652173913042,0.5348837209302326,0.5030953363598846,-0.6790052566082662,Over,5.5,-240.0,1.4166666666666667,0.7058823529411764,0.6428571428571428,-0.2763605442176872,Over,,,,,,,,6.5,-120.0,1.8333333333333335,0.5454545454545454,0.5101214574898786,-0.6482131051702754,Over,,,,,,,,6.5,-125.0,1.8,0.5555555555555556,0.5157946692991116,-0.6218190668398675,Over
player_points,Isaac Okoro,Under,6.5,-110.0,1.9090909090909092,0.5238095238095238,0.48987854251012153,-0.7239706809278511,Under,6.5,-112.0,1.8928571428571428,0.5283018867924528,0.4969046636401156,-0.702297182074105,Under,5.5,155.0,2.55,0.3921568627450981,0.35714285714285715,-1.4096938775510202,Under,,,,,,,,6.5,-110.0,1.9090909090909092,0.5238095238095238,0.48987854251012153,-0.7239706809278511,Under,,,,,,,,6.5,-109.0,1.9174311926605505,0.5215311004784688,0.4842053307008884,-0.739250259500418,Under
player_points,Jarrett Allen,Over,13.5,-110.0,1.9090909090909092,0.5238095238095238,0.48987854251012153,-0.7239706809278511,Over,13.5,-110.0,1.9090909090909092,0.5238095238095238,0.49179655455291227,-0.7202738741889163,Over,12.5,-159.0,1.6289308176100628,0.613899613899614,0.5700816678839387,-0.455218660412765,Over,13.5,-110.0,1.9090909090909092,0.5238095238095238,0.48987854251012153,-0.7239706809278511,Over,13.5,-120.0,1.8333333333333335,0.5454545454545454,0.5101214574898786,-0.6482131051702754,Over,14.5,102.0,2.02,0.49504950495049505,0.46691027202598456,-0.8279361806049055,Over,13.5,-111.0,1.900900900900901,0.5260663507109005,0.488167080818838,-0.7230836751585569,Over
player_points,Jarrett Allen,Under,13.5,-120.0,1.8333333333333335,0.5454545454545454,0.5101214574898786,-0.6482131051702754,Under,13.5,-118.0,1.847457627118644,0.5412844036697247,0.5082034454470877,-0.6586405922166515,Under,12.5,116.0,2.16,0.4629629629629629,0.42991833211606123,-0.9862878428027025,Under,13.5,-120.0,1.8333333333333335,0.5454545454545454,0.5101214574898786,-0.6482131051702754,Under,13.5,-110.0,1.9090909090909092,0.5238095238095238,0.48987854251012153,-0.7239706809278511,Under,14.5,-130.0,1.7692307692307692,0.5652173913043479,0.5330897279740154,-0.5771669498356747,Under,13.5,-123.0,1.8130081300813008,0.5515695067264574,0.511832919181162,-0.6351909043389566,Under
player_points,Jaylen Brown,Over,25.5,-105.0,1.9523809523809523,0.5121951219512195,0.4796954314720812,-0.7662450045338036,Over,24.5,-114.0,1.8771929824561404,0.5327102803738317,0.5,-0.6885964912280702,Over,24.5,-115.0,1.8695652173913042,0.5348837209302326,0.5,-0.6847826086956521,Over,25.5,-105.0,1.9523809523809523,0.5121951219512195,0.4796954314720812,-0.7662450045338036,Over,24.5,-110.0,1.9090909090909092,0.5238095238095238,0.48987854251012153,-0.7239706809278511,Over,24.5,100.0,2.0,0.5,0.4710743801652893,-0.8086879311522437,Over,25.5,-106.0,1.9433962264150944,0.5145631067961165,0.4773835745752045,-0.7661622917320886,Over
player_points,Jaylen Brown,Under,25.5,-125.0,1.8,0.5555555555555556,0.5203045685279188,-0.613864052152851,Under,24.5,-114.0,1.8771929824561404,0.5327102803738317,0.5,-0.6885964912280702,Under,24.5,-115.0,1.8695652173913042,0.5348837209302326,0.5,-0.6847826086956521,Under,25.5,-125.0,1.8,0.5555555555555556,0.5203045685279188,-0.613864052152851,Under,24.5,-120.0,1.8333333333333335,0.5454545454545454,0.5101214574898786,-0.6482131051702754,Under,24.5,-128.0,1.78125,0.5614035087719298,0.5289256198347108,-0.5899379311522437,Under,25.5,-129.0,1.7751937984496124,0.5633187772925764,0.5226164254247954,-0.5979598637666067,Under
player_points,Jayson Tatum,Over,27.5,-135.0,1.7407407407407407,0.574468085106383,0.5346534653465347,-0.5612485340943335,Over,27.5,-137.0,1.72992700729927,0.5780590717299579,0.5435460883633142,-0.5415282111394429,Over,28.5,-115.0,1.8695652173913042,0.5348837209302326,0.5,-0.6847826086956521,Over,27.5,-130.0,1.7692307692307692,0.5652173913043479,0.5306122448979592,-0.58139236856438,Over,27.5,-115.0,1.8695652173913042,0.5348837209302326,0.5,-0.6847826086956521,Over,27.5,-118.0,1.847457627118644,0.5412844036697247,0.510397604391948,-0.6546277901987467,Over,27.5,-123.0,1.8130081300813008,0.5515695067264574,0.511832919181162,-0.6351909043389566,Over
player_points,Jayson Tatum,Under,27.5,100.0,2.0,0.5,0.4653465346534653,-0.8205077933535928,Under,27.5,106.0,2.06,0.4854368932038835,0.4564539116366858,-0.8716012038401728,Under,28.5,-115.0,1.8695652173913042,0.5348837209302326,0.5,-0.6847826086956521,Under,27.5,100.0,2.0,0.5,0.4693877551020408,-0.8121615993336111,Under,27.5,-115.0,1.8695652173913042,0.5348837209302326,0.5,-0.6847826086956521,Under,27.5,-108.0,1.925925925925926,0.5192307692307692,0.48960239560805185,-0.7330960890060287,Under,27.5,-111.0,1.900900900900901,0.5260663507109005,0.488167080818838,-0.7230836751585569,Under
player_points,Jrue Holiday,Over,12.5,100.0,2.0,0.5,0.4693877551020408,-0.8121615993336111,Over,12.5,-102.0,1.9803921568627452,0.504950495049505,0.47438944435338465,-0.7915709225273548,Over,12.5,-105.0,1.9523809523809523,0.5121951219512195,0.47794265089231996,-0.7697413510979858,Over,12.5,100.0,2.0,0.5,0.4693877551020408,-0.8121615993336111,Over,11.5,-135.0,1.7407407407407407,0.574468085106383,0.5407914020517831,-0.5510270534282462,Over,12.5,100.0,2.0,0.5,0.4710743801652893,-0.8086879311522437,Over,12.5,-103.0,1.970873786407767,0.5073891625615764,0.470587081846347,-0.7942711623289888,Over
player_points,Jrue Holiday,Under,12.5,-130.0,1.7692307692307692,0.5652173913043479,0.5306122448979592,-0.58139236856438,Under,12.5,-127.0,1.7874015748031495,0.5594713656387665,0.5256105556466153,-0.5985803404677593,Under,12.5,-127.0,1.7874015748031495,0.5594713656387665,0.5220573491076799,-0.604761973520183,Under,12.5,-130.0,1.7692307692307692,0.5652173913043479,0.5306122448979592,-0.58139236856438,Under,11.5,105.0,2.05,0.48780487804878053,0.45920859794821695,-0.8602863126875052,Under,12.5,-128.0,1.78125,0.5614035087719298,0.5289256198347108,-0.5899379311522437,Under,12.5,-133.0,1.7518796992481203,0.5708154506437768,0.5294129181536531,-0.5752770751693422,Under
player_rebounds,Al Horford,Over,5.5,-120.0,1.8333333333333335,0.5454545454545454,0.5101214574898786,-0.6482131051702754,Over,5.5,-120.0,1.8333333333333335,0.5454545454545454,0.5123152709359606,-0.644240335848965,Over,6.5,155.0,2.55,0.3921568627450981,0.36664695446481377,-1.3828333008682343,Over,5.5,-120.0,1.8333333333333335,0.5454545454545454,0.5101214574898786,-0.6482131051702754,Over,5.5,-130.0,1.7692307692307692,0.5652173913043479,0.5306122448979592,-0.58139236856438,Over,5.5,-113.0,1.8849557522123894,0.5305164319248826,0.5,-0.6924778761061947,Over,5.5,-133.0,1.7518796992481203,0.5708154506437768,0.5294129181536531,-0.5752770751693422,Over
player_rebounds,Al Horford,Under,5.5,-110.0,1.9090909090909092,0.5238095238095238,0.48987854251012153,-0.7239706809278511,Under,5.5,-108.0,1.925925925925926,0.5192307692307692,0.48768472906403937,-0.7368329284415578,Under,6.5,-210.0,1.4761904761904763,0.6774193548387096,0.6333530455351862,-0.30902377705871076,Under,5.5,-110.0,1.9090909090909092,0.5238095238095238,0.48987854251012153,-0.7239706809278511,Under,5.5,100.0,2.0,0.5,0.4693877551020408,-0.8121615993336111,Under,5.5,-113.0,1.8849557522123894,0.5305164319248826,0.5,-0.6924778761061947,Under,5.5,-103.0,1.970873786407767,0.5073891625615764,0.470587081846347,-0.7942711623289888,Under
player_rebounds,Darius Garland,Over,2.5,-155.0,1.6451612903225805,0.607843137254902,0.5665108372290694,-0.46758328183399117,Over,2.5,-145.0,1.6896551724137931,0.5918367346938775,0.5553135493238951,-0.5044263502260187,Over,2.5,-129.0,1.7751937984496124,0.5633187772925764,0.5249341737812177,-0.5939556215810757,Over,,,,,,,,2.5,-148.0,1.6756756756756757,0.5967741935483871,0.5619922288943836,-0.487802004241894,Over,2.5,-125.0,1.8,0.5555555555555556,0.5238589211618258,-0.6076231900277198,Over,2.5,-154.0,1.6493506493506493,0.6062992125984252,0.5624310915104742,-0.4756022045400434,Over
player_rebounds,Darius Garland,Under,2.5,115.0,2.15,0.46511627906976744,0.43348916277093075,-0.9724219915114106,Under,2.5,111.0,2.1100000000000003,0.4739336492890995,0.44468645067610485,-0.9247711778122261,Under,2.5,-104.0,1.9615384615384617,0.5098039215686274,0.47506582621878246,-0.7803002846699248,Under,,,,,,,,2.5,115.0,2.15,0.46511627906976744,0.43800777110561634,-0.9621263285662186,Under,2.5,-102.0,1.9803921568627452,0.504950495049505,0.47614107883817425,-0.788015346890465,Under,2.5,112.0,2.12,0.4716981132075471,0.4375689084895259,-0.9462515551893943,Under
player_rebounds,Derrick White,Over,4.5,-110.0,1.9090909090909092,0.5238095238095238,0.48987854251012153,-0.7239706809278511,Over,4.5,-105.0,1.9523809523809523,0.5121951219512195,0.48149290561381863,-0.7626658872965921,Over,4.5,100.0,2.0,0.5,0.4677419354838709,-0.8155567117585849,Over,,,,,,,,4.5,-105.0,1.9523809523809523,0.5121951219512195,0.4796954314720812,-0.7662450045338036,Over,4.5,104.0,2.04,0.49019607843137253,0.46281519310564956,-0.847239715928245,Over,4.5,-111.0,1.900900900900901,0.5260663507109005,0.488167080818838,-0.7230836751585569,Over
player_rebounds,Derrick White,Under,4.5,-120.0,1.8333333333333335,0.5454545454545454,0.5101214574898786,-0.6482131051702754,Under,4.5,-123.0,1.8130081300813008,0.5515695067264574,0.5185070943861814,-0.6232930649969406,Under,4.5,-132.0,1.7575757575757576,0.5689655172413793,0.532258064516129,-0.5731324693343425,Under,,,,,,,,4.5,-125.0,1.8,0.5555555555555556,0.5203045685279188,-0.613864052152851,Under,4.5,-132.0,1.7575757575757576,0.5689655172413793,0.5371848068943506,-0.5648154735040025,Under,4.5,-123.0,1.8130081300813008,0.5515695067264574,0.511832919181162,-0.6351909043389566,Under
player_rebounds,Donovan Mitchell,Over,4.5,100.0,2.0,0.5,0.4693877551020408,-0.8121615993336111,Over,4.5,100.0,2.0,0.5,0.4693877551020408,-0.8121615993336111,Over,3.5,-215.0,1.4651162790697674,0.6825396825396826,0.6350999131190268,-0.3028730440480549,Over,,,,,,,,4.5,100.0,2.0,0.5,0.4693877551020408,-0.8121615993336111,Over,4.5,104.0,2.04,0.49019607843137253,0.46281519310564956,-0.847239715928245,Over,4.5,-106.0,1.9433962264150944,0.5145631067961165,0.4773835745752045,-0.7661622917320886,Over
player_rebounds,Donovan Mitchell,Under,4.5,-130.0,1.7692307692307692,0.5652173913043479,0.5306122448979592,-0.58139236856438,Under,4.5,-130.0,1.7692307692307692,0.5652173913043479,0.5306122448979592,-0.58139236856438,Under,3.5,155.0,2.55,0.3921568627450981,0.36490008688097303,-1.3877567649782871,Under,,,,,,,,4.5,-130.0,1.7692307692307692,0.5652173913043479,0.5306122448979592,-0.58139236856438,Under,4.5,-132.0,1.7575757575757576,0.5689655172413793,0.5371848068943506,-0.5648154735040025,Under,4.5,-129.0,1.7751937984496124,0.5633187772925764,0.5226164254247954,-0.5979598637666067,Under
player_rebounds,Evan Mobley,Over,9.5,110.0,2.1,0.47619047619047616,0.4458598726114649,-0.9166254209095707,Over,9.5,110.0,2.1,0.47619047619047616,0.4472667034787409,-0.913520723256643,Over,8.5,-152.0,1.6578947368421053,0.6031746031746031,0.5646164478230822,-0.4759953849910053,Over,,,,,,,,9.5,110.0,2.1,0.47619047619047616,0.4479822288041465,-0.9119431680314766,Over,9.5,118.0,2.1799999999999997,0.4587155963302753,0.43327556325823224,-0.9899114225555598,Over,9.5,110.0,2.1,0.47619047619047616,0.44182362260165464,-0.92555488342372,Over
player_rebounds,Evan Mobley,Under,9.5,-145.0,1.6896551724137931,0.5918367346938775,0.554140127388535,-0.5062805933233635,Under,9.5,-143.0,1.6993006993006992,0.5884773662551441,0.552733296521259,-0.512821422557342,Under,8.5,115.0,2.15,0.46511627906976744,0.43538355217691777,-0.9681006481488997,Under,,,,,,,,9.5,-142.0,1.704225352112676,0.5867768595041323,0.5520177711958534,-0.5161685201441523,Under,9.5,-150.0,1.6666666666666665,0.6000000000000001,0.5667244367417678,-0.47657808922222644,Under,9.5,-151.0,1.6622516556291391,0.601593625498008,0.5581763773983454,-0.48780653905285914,Under
player_rebounds,Isaac Okoro,Over,2.5,100.0,2.0,0.5,0.4653465346534653,-0.8205077933535928,Over,2.5,103.0,2.0300000000000002,0.4926108374384236,0.46322988528598974,-0.8409953742055224,Over,2.5,-103.0,1.970873786407767,0.5073891625615764,0.4730431309904154,-0.7892921524853016,Over,,,,,,,,2.5,100.0,2.0,0.5,0.4693877551020408,-0.8121615993336111,Over,,,,,,,,2.5,-103.0,1.970873786407767,0.5073891625615764,0.470587081846347,-0.7942711623289888,Over
player_rebounds,Isaac Okoro,Under,2.5,-135.0,1.7407407407407407,0.574468085106383,0.5346534653465347,-0.5612485340943335,Under,2.5,-133.0,1.7518796992481203,0.5708154506437768,0.5367701147140101,-0.5628750734536425,Under,2.5,-130.0,1.7692307692307692,0.5652173913043479,0.5269568690095847,-0.5876491353083039,Under,,,,,,,,2.5,-130.0,1.7692307692307692,0.5652173913043479,0.5306122448979592,-0.58139236856438,Under,,,,,,,,2.5,-133.0,1.7518796992481203,0.5708154506437768,0.5294129181536531,-0.5752770751693422,Under
player_rebounds,Jarrett Allen,Over,10.5,-150.0,1.6666666666666665,0.6000000000000001,0.5575221238938053,-0.4907719215809121,Over,10.5,-128.0,1.78125,0.5614035087719298,0.5276888998277135,-0.5920708223555544,Over,10.5,-132.0,1.7575757575757576,0.5689655172413793,0.528604118993135,-0.5793321683021059,Over,10.5,-120.0,1.8333333333333335,0.5454545454545454,0.5101214574898786,-0.6482131051702754,Over,10.5,-142.0,1.704225352112676,0.5867768595041323,0.5520177711958534,-0.5161685201441523,Over,10.5,-136.0,1.7352941176470589,0.576271186440678,0.5427774333539988,-0.5452455391606521,Over,10.5,-139.0,1.7194244604316546,0.5815899581589958,0.5401900804186387,-0.5422236654413612,Over
player_rebounds,Jarrett Allen,Under,10.5,110.0,2.1,0.47619047619047616,0.4424778761061946,-0.9241052549142458,Under,10.5,-101.0,1.99009900990099,0.5024875621890548,0.4723111001722865,-0.8009198322565446,Under,10.5,-103.0,1.970873786407767,0.5073891625615764,0.471395881006865,-0.7926301971341152,Under,10.5,-110.0,1.9090909090909092,0.5238095238095238,0.48987854251012153,-0.7239706809278511,Under,10.5,110.0,2.1,0.47619047619047616,0.4479822288041465,-0.9119431680314766,Under,10.5,106.0,2.06,0.4854368932038835,0.45722256664600125,-0.8699514215135933,Under,10.5,102.0,2.02,0.49504950495049505,0.45980991958136136,-0.8427992050097066,Under
player_rebounds,Jaylen Brown,Over,5.5,-125.0,1.8,0.5555555555555556,0.5147058823529411,-0.6237456747404846,Over,5.5,-130.0,1.7692307692307692,0.5652173913043479,0.5306122448979592,-0.58139236856438,Over,5.5,-130.0,1.7692307692307692,0.5652173913043479,0.5269568690095847,-0.5876491353083039,Over,5.5,-135.0,1.7407407407407407,0.574468085106383,0.5407914020517831,-0.5510270534282462,Over,5.5,-130.0,1.7692307692307692,0.5652173913043479,0.5306122448979592,-0.58139236856438,Over,5.5,-122.0,1.819672131147541,0.5495495495495495,0.5187593796898449,-0.6260520594808924,Over,5.5,-133.0,1.7518796992481203,0.5708154506437768,0.5294129181536531,-0.5752770751693422,Over
player_rebounds,Jaylen Brown,Under,5.5,-110.0,1.9090909090909092,0.5238095238095238,0.48529411764705876,-0.7328365838313936,Under,5.5,100.0,2.0,0.5,0.4693877551020408,-0.8121615993336111,Under,5.5,-103.0,1.970873786407767,0.5073891625615764,0.4730431309904154,-0.7892921524853016,Under,5.5,105.0,2.05,0.48780487804878053,0.45920859794821695,-0.8602863126875052,Under,5.5,100.0,2.0,0.5,0.4693877551020408,-0.8121615993336111,Under,5.5,-104.0,1.9615384615384617,0.5098039215686274,0.4812406203101551,-0.7679183898718128,Under,5.5,-103.0,1.970873786407767,0.5073891625615764,0.470587081846347,-0.7942711623289888,Under
player_rebounds,Jayson Tatum,Over,8.5,-125.0,1.8,0.5555555555555556,0.5203045685279188,-0.613864052152851,Over,8.5,-137.0,1.72992700729927,0.5780590717299579,0.5435460883633142,-0.5415282111394429,Over,8.5,-121.0,1.8264462809917354,0.5475113122171946,0.5110619469026548,-0.6431414553842629,Over,8.5,-125.0,1.8,0.5555555555555556,0.5203045685279188,-0.613864052152851,Over,8.5,-125.0,1.8,0.5555555555555556,0.5203045685279188,-0.613864052152851,Over,8.5,-120.0,1.8333333333333335,0.5454545454545454,0.5145711906744379,-0.6401651366945348,Over,8.5,-123.0,1.8130081300813008,0.5515695067264574,0.511832919181162,-0.6351909043389566,Over
player_rebounds,Jayson Tatum,Under,8.5,-105.0,1.9523809523809523,0.5121951219512195,0.4796954314720812,-0.7662450045338036,Under,8.5,106.0,2.06,0.4854368932038835,0.4564539116366858,-0.8716012038401728,Under,8.5,-110.0,1.9090909090909092,0.5238095238095238,0.48893805309734506,-0.7257860834834367,Under,8.5,-105.0,1.9523809523809523,0.5121951219512195,0.4796954314720812,-0.7662450045338036,Under,8.5,-105.0,1.9523809523809523,0.5121951219512195,0.4796954314720812,-0.7662450045338036,Under,8.5,-106.0,1.9433962264150944,0.5145631067961165,0.48542880932556204,-0.7502280297762954,Under,8.5,-111.0,1.900900900900901,0.5260663507109005,0.488167080818838,-0.7230836751585569,Under
player_rebounds,Jrue Holiday,Over,4.5,115.0,2.15,0.46511627906976744,0.43348916277093075,-0.9724219915114106,Over,4.5,115.0,2.15,0.46511627906976744,0.43734082725915513,-0.9636433933213834,Over,4.5,110.0,2.1,0.47619047619047616,0.4438081603435934,-0.9211603861224253,Over,,,,,,,,4.5,120.0,2.2,0.45454545454545453,0.42847503373819157,-1.0124707465747316,Over,4.5,114.0,2.1399999999999997,0.4672897196261683,0.440512857245183,-0.95084120564844,Over,4.5,106.0,2.06,0.4854368932038835,0.45061614861136656,-0.8841694986385596,Over
player_rebounds,Jrue Holiday,Under,4.5,-155.0,1.6451612903225805,0.607843137254902,0.5665108372290694,-0.46758328183399117,Under,4.5,-149.0,1.6711409395973154,0.5983935742971888,0.5626591727408448,-0.4847843329186989,Under,4.5,-148.0,1.6756756756756757,0.5967741935483871,0.5561918396564066,-0.4968360617981008,Under,,,,,,,,4.5,-154.0,1.6493506493506493,0.6062992125984252,0.5715249662618084,-0.4618213959253805,Under,4.5,-146.0,1.6849315068493151,0.5934959349593496,0.5594871427548169,-0.49577271249775556,Under,4.5,-145.0,1.6896551724137931,0.5918367346938775,0.5493838513886334,-0.5138246710523526,Under
player_steals,Al Horford,Over,0.5,-145.0,1.6896551724137931,0.5918367346938775,0.554140127388535,-0.5062805933233635,Over,,,,,,,,0.5,-150.0,1.6666666666666665,0.6000000000000001,0.5598591549295776,-0.4871511935462538,Over,0.5,-150.0,1.6666666666666665,0.6000000000000001,0.5633187772925765,-0.4818113054035327,Over,,,,,,,,,,,,,,,0.5,-148.0,1.6756756756756757,0.5967741935483871,0.5538284398388026,-0.5005363314758644,Over
player_steals,Al Horford,Under,0.5,110.0,2.1,0.47619047619047616,0.4458598726114649,-0.9166254209095707,Under,,,,,,,,0.5,112.0,2.12,0.4716981132075471,0.4401408450704225,-0.9404845268795875,Under,0.5,115.0,2.15,0.46511627906976744,0.43668122270742354,-0.9651446387368664,Under,,,,,,,,,,,,,,,0.5,108.0,2.08,0.4807692307692307,0.4461715601611974,-0.9048606558001889,Under
player_steals,Darius Garland,Over,0.5,-225.0,1.4444444444444444,0.6923076923076923,0.6514745308310992,-0.2763702111789139,Over,,,,,,,,0.5,-215.0,1.4651162790697674,0.6825396825396826,0.6395881006864989,-0.2975301787079286,Over,0.5,-240.0,1.4166666666666667,0.7058823529411764,0.66,-0.25726666666666664,Over,0.5,-212.0,1.4716981132075473,0.6794871794871794,0.6385542168674699,-0.3011363480747267,Over,,,,,,,,0.5,-224.0,1.4464285714285714,0.691358024691358,0.6416563440099097,-0.2883850222124917,Over
player_steals,Darius Garland,Under,0.5,170.0,2.7,0.37037037037037035,0.34852546916890076,-1.5319257667344697,Under,,,,,,,,0.5,160.0,2.6,0.3846153846153846,0.3604118993135011,-1.4324138996381615,Under,0.5,175.0,2.75,0.36363636363636365,0.3400000000000001,-1.5905999999999998,Under,0.5,160.0,2.6,0.3846153846153846,0.3614457831325302,-1.4294382348671795,Under,,,,,,,,0.5,159.0,2.59,0.3861003861003861,0.3583436559900902,-1.43195645078392,Under
player_steals,Derrick White,Over,0.5,-175.0,1.5714285714285714,0.6363636363636364,0.5940959409594095,-0.39670328174025027,Over,,,,,,,,0.5,-167.0,1.5988023952095807,0.6254681647940076,0.5845974329054843,-0.42130334490111815,Over,0.5,-180.0,1.5555555555555556,0.6428571428571428,0.6017069701280228,-0.3799112431290316,Over,0.5,-175.0,1.5714285714285714,0.6363636363636364,0.599271402550091,-0.3895711787855477,Over,,,,,,,,0.5,-179.0,1.558659217877095,0.6415770609318996,0.5950124109099882,-0.3902649970878965,Over
player_steals,Derrick White,Under,0.5,130.0,2.3,0.4347826086956522,0.40590405904059046,-1.1252747103116785,Under,,,,,,,,0.5,125.0,2.25,0.4444444444444444,0.4154025670945157,-1.0725009496915379,Under,0.5,135.0,2.35,0.425531914893617,0.3982930298719773,-1.1743556875734757,Under,0.5,135.0,2.35,0.425531914893617,0.4007285974499089,-1.1681426073569765,Under,,,,,,,,0.5,129.0,2.29,0.4366812227074236,0.4049875890900118,-1.1216057792108012,Under
player_steals,Donovan Mitchell,Over,1.5,135.0,2.35,0.425531914893617,0.3959708232025009,-1.1802906350992883,Over,,,,,,,,1.5,130.0,2.3,0.4347826086956522,0.4049115626370414,-1.127745216854934,Over,1.5,135.0,2.35,0.425531914893617,0.3982930298719773,-1.1743556875734757,Over,1.5,135.0,2.35,0.425531914893617,0.4007285974499089,-1.1681426073569765,Over,1.5,128.0,2.2800000000000002,0.43859649122807015,0.41384499623777277,-1.0938560932511474,Over,1.5,129.0,2.29,0.4366812227074236,0.4049875890900118,-1.1216057792108012,Over
player_steals,Donovan Mitchell,Under,1.5,-185.0,1.5405405405405406,0.6491228070175439,0.6040291767974991,-0.37083117563982887,Under,,,,,,,,1.5,-177.0,1.5649717514124295,0.6389891696750902,0.5950884373629587,-0.3927169682673635,Under,1.5,-180.0,1.5555555555555556,0.6428571428571428,0.6017069701280228,-0.3799112431290316,Under,1.5,-175.0,1.5714285714285714,0.6363636363636364,0.599271402550091,-0.3895711787855477,Under,1.5,-164.0,1.6097560975609757,0.6212121212121212,0.5861550037622273,-0.4236121908121231,Under,1.5,-179.0,1.558659217877095,0.6415770609318996,0.5950124109099882,-0.3902649970878965,Under
player_steals,Evan Mobley,Over,0.5,-155.0,1.6451612903225805,0.607843137254902,0.5665108372290694,-0.46758328183399117,Over,,,,,,,,0.5,-159.0,1.6289308176100628,0.613899613899614,0.5723390905188072,-0.4518629789581507,Over,0.5,-160.0,1.625,0.6153846153846154,0.5751633986928104,-0.44600901362723744,Over,0.5,-175.0,1.5714285714285714,0.6363636363636364,0.599271402550091,-0.3895711787855477,Over,,,,,,,,0.5,-157.0,1.6369426751592355,0.6108949416342413,0.5665958379709265,-0.4638927740520683,Over
player_steals,Evan Mobley,Under,0.5,115.0,2.15,0.46511627906976744,0.43348916277093075,-0.9724219915114106,Under,,,,,,,,0.5,118.0,2.1799999999999997,0.4587155963302753,0.4276609094811928,-1.002932161348088,Under,0.5,120.0,2.2,0.45454545454545453,0.4248366013071895,-1.0210090136272376,Under,0.5,135.0,2.35,0.425531914893617,0.4007285974499089,-1.1681426073569765,Under,,,,,,,,0.5,114.0,2.1399999999999997,0.4672897196261683,0.4334041620290735,-0.9669500988928323,Under
player_steals,Isaac Okoro,Over,0.5,-145.0,1.6896551724137931,0.5918367346938775,0.554140127388535,-0.5062805933233635,Over,,,,,,,,0.5,-157.0,1.6369426751592355,0.6108949416342413,0.5711377365417347,-0.4570835183804989,Over,0.5,-150.0,1.6666666666666665,0.6000000000000001,0.5633187772925765,-0.4818113054035327,Over,,,,,,,,,,,,,,,0.5,-145.0,1.6896551724137931,0.5918367346938775,0.5493838513886334,-0.5138246710523526,Over
player_steals,Isaac Okoro,Under,0.5,110.0,2.1,0.47619047619047616,0.4458598726114649,-0.9166254209095707,Under,,,,,,,,0.5,118.0,2.1799999999999997,0.4587155963302753,0.42886226345826517,-1.000140843221263,Under,0.5,115.0,2.15,0.46511627906976744,0.43668122270742354,-0.9651446387368664,Under,,,,,,,,,,,,,,,0.5,106.0,2.06,0.4854368932038835,0.45061614861136656,-0.8841694986385596,Under
player_steals,Jarrett Allen,Over,0.5,-155.0,1.6451612903225805,0.607843137254902,0.5665108372290694,-0.46758328183399117,Over,,,,,,,,0.5,-159.0,1.6289308176100628,0.613899613899614,0.5745729303547964,-0.4485523863323159,Over,0.5,-160.0,1.625,0.6153846153846154,0.5751633986928104,-0.44600901362723744,Over,,,,,,,,,,,,,,,0.5,-160.0,1.625,0.6153846153846154,0.5706737120211361,-0.4526499915365003,Over
player_steals,Jarrett Allen,Under,0.5,115.0,2.15,0.46511627906976744,0.43348916277093075,-0.9724219915114106,Under,,,,,,,,0.5,120.0,2.2,0.45454545454545453,0.4254270696452036,-1.0196215687222534,Under,0.5,120.0,2.2,0.45454545454545453,0.4248366013071895,-1.0210090136272376,Under,,,,,,,,,,,,,,,0.5,116.0,2.16,0.4629629629629629,0.42932628797886396,-0.9876499915365003,Under
player_steals,Jaylen Brown,Over,0.5,-200.0,1.5,0.6666666666666666,0.625,-0.328125,Over,,,,,,,,0.5,-225.0,1.4444444444444444,0.6923076923076923,0.6454867739296428,-0.2832410612678598,Over,0.5,-200.0,1.5,0.6666666666666666,0.625,-0.328125,Over,0.5,-204.0,1.4901960784313726,0.6710526315789473,0.631157486047076,-0.3168499539976051,Over,0.5,-200.0,1.5,0.6666666666666666,0.6287128712871286,-0.32349769630428404,Over,0.5,-204.0,1.4901960784313726,0.6710526315789473,0.6227538965551475,-0.327239183076507,Over
player_steals,Jaylen Brown,Under,0.5,150.0,2.5,0.4,0.375,-1.328125,Under,,,,,,,,0.5,163.0,2.63,0.3802281368821293,0.3545132260703573,-1.4687966168234152,Under,0.5,150.0,2.5,0.4,0.375,-1.328125,Under,0.5,155.0,2.55,0.3921568627450981,0.3688425139529241,-1.3766538755662323,Under,0.5,154.0,2.54,0.39370078740157477,0.37128712871287123,-1.3634976963042842,Under,0.5,146.0,2.46,0.4065040650406504,0.3772461034448526,-1.2970431046451343,Under
player_steals,Jayson Tatum,Over,0.5,-225.0,1.4444444444444444,0.6923076923076923,0.6428571428571429,-0.2862811791383219,Over,,,,,,,,0.5,-215.0,1.4651162790697674,0.6825396825396826,0.6350999131190268,-0.3028730440480549,Over,0.5,-220.0,1.4545454545454546,0.6875,0.6456256921373201,-0.2866603809198261,Over,0.5,-212.0,1.4716981132075473,0.6794871794871794,0.6385542168674699,-0.3011363480747267,Over,0.5,-215.0,1.4651162790697674,0.6825396825396826,0.6430999320190346,-0.2933776901438714,Over,0.5,-224.0,1.4464285714285714,0.691358024691358,0.6416563440099097,-0.2883850222124917,Over
player_steals,Jayson Tatum,Under,0.5,160.0,2.6,0.3846153846153846,0.35714285714285715,-1.4418367346938774,Under,,,,,,,,0.5,155.0,2.55,0.3921568627450981,0.36490008688097303,-1.3877567649782871,Under,0.5,165.0,2.65,0.37735849056603776,0.35437430786268,-1.4821149263743716,Under,0.5,160.0,2.6,0.3846153846153846,0.3614457831325302,-1.4294382348671795,Under,0.5,164.0,2.6399999999999997,0.37878787878787884,0.35690006798096535,-1.4682614110741037,Under,0.5,159.0,2.59,0.3861003861003861,0.3583436559900902,-1.43195645078392,Under
player_steals,Jrue Holiday,Over,0.5,-135.0,1.7407407407407407,0.574468085106383,0.5346534653465347,-0.5612485340943335,Over,,,,,,,,0.5,-148.0,1.6756756756756757,0.5967741935483871,0.5561918396564066,-0.4968360617981008,Over,0.5,-135.0,1.7407407407407407,0.574468085106383,0.5407914020517831,-0.5510270534282462,Over,0.5,-130.0,1.7692307692307692,0.5652173913043479,0.5306122448979592,-0.58139236856438,Over,,,,,,,,0.5,-139.0,1.7194244604316546,0.5815899581589958,0.5401900804186387,-0.5422236654413612,Over
player_steals,Jrue Holiday,Under,0.5,100.0,2.0,0.5,0.4653465346534653,-0.8205077933535928,Under,,,,,,,,0.5,110.0,2.1,0.47619047619047616,0.4438081603435934,-0.9211603861224253,Under,0.5,105.0,2.05,0.48780487804878053,0.45920859794821695,-0.8602863126875052,Under,0.5,100.0,2.0,0.5,0.4693877551020408,-0.8121615993336111,Under,,,,,,,,0.5,102.0,2.02,0.49504950495049505,0.45980991958136136,-0.8427992050097066,Under
player_triple_double,Jayson Tatum,No,,-10000.0,1.01,0.9900990099009901,0.9159034138218152,-0.007913201668606717,No,,,,,,,,,,,,,,,,,,,,,,,,,,,,,,,,,,,,,,,,,,
player_triple_double,Jayson Tatum,Yes,,1000.0,11.0,0.09090909090909091,0.08409658617818486,-9.997913201668606,Yes,,,,,,,,,,,,,,,,1000.0,11.0,0.09090909090909091,,,Yes,,1200.0,13.0,0.07692307692307693,,,Yes,,1200.0,13.0,0.07692307692307693,,,Yes,,1000.0,11.0,0.09090909090909091,,,Yes
